boxes_box1_gps,boxes_crop,boxes_planting_date,boxes_expected_harvest_date,country,boxes_farmer_district,wet_completed_time,wet_kgs_crop_box1,wet_kgs_crop_box2,dry_box1_dry_weight,dry_box2_dry_weight,Latitude,Longitude,Altitude,Accuracy
-0.499127 37.6122529 1252.08 7.62,maize,2021-10-06,2022-03-25,Kenya,Embu,2022-03-20,4.91,8.81,2.6,3.395,-0.499127,37.6122529,1252.08,7.62
-0.4754511 37.6402894 1234.5 9.73,maize,2021-11-10,2022-03-12,Kenya,Embu,2022-03-03,12.17,10.52,3.195,4.415,-0.4754511,37.6402894,1234.5,9.73
-0.5351206 37.6086503 1226.4 4.5,maize,2021-12-02,2022-02-26,Kenya,Embu,2022-02-23,1.245,1.575,0.495,0.535,-0.5351206,37.6086503,1226.4,4.5
-0.3971582 37.5027862 1839.7 5.25,maize,2021-11-06,2022-04-06,Kenya,Embu,2022-04-06,3.7,3.925,3.555,3.47,-0.3971582,37.5027862,1839.7,5.25
-0.4509697 37.6600589 1234.53 8.0,maize,2021-11-14,2022-04-01,Kenya,Embu,2022-03-25,4.645,4.815,3.605,3.695,-0.4509697,37.6600589,1234.53,8.0
-0.5479202 37.4846657 1059.5 4.88,maize,2021-10-21,2022-03-01,Kenya,Embu,2022-03-03,6.56,9.98,1.585,2.015,-0.5479202,37.4846657,1059.5,4.88
-0.5210633 37.634335 1169.4 3.9,maize,2021-10-05,2022-03-02,Kenya,Embu,2022-03-02,11.8,19.92,3.215,4.075,-0.5210633,37.634335,1169.4,3.9
-0.5306375 37.4951411 1345.7 4.75,maize,2021-10-20,2022-02-28,Kenya,Embu,2022-02-25,26.08,17.04,5.695,4.285,-0.5306375,37.4951411,1345.7,4.75
-0.5555633 37.6264703 1141.5 4.62,maize,2021-10-15,2022-02-23,Kenya,Embu,2022-02-10,24.5,21.32,12.77,10.44,-0.5555633,37.6264703,1141.5,4.62
-0.54254 37.6014033 1229.9 3.9,maize,2021-10-20,2022-03-21,Kenya,Embu,2022-02-23,6.415,1.145,2.785,0.525,-0.54254,37.6014033,1229.9,3.9
-0.6187817 37.6540533 1089.5 3.9,maize,2021-10-26,2022-02-27,Kenya,Embu,2022-02-24,3.305,8.615,1.825,4.945,-0.6187817,37.6540533,1089.5,3.9
-0.6067483 37.6195067 1200.09 4.0,maize,2021-10-20,2022-03-02,Kenya,Embu,2022-02-22,7.425,7.645,5.715,5.805,-0.6067483,37.6195067,1200.09,4.0
-0.5095879 37.6660462 1202.5 4.94,maize,2021-10-26,2022-02-26,Kenya,Embu,2022-02-23,15.56,10.98,9.215,7.415,-0.5095879,37.6660462,1202.5,4.94
-0.5621306 37.6599089 1211.59 4.63,maize,2021-10-26,2022-02-28,Kenya,Embu,2022-02-24,26.46,30.64,9.585,10.31,-0.5621306,37.6599089,1211.59,4.63
-0.59156 37.6419367 1226.8 3.9,maize,2021-10-26,2022-02-28,Kenya,Embu,2022-02-24,1.435,2.045,0.905,1.395,-0.59156,37.6419367,1226.8,3.9
-0.564285 37.6636333 1213.8 3.9,maize,2021-10-24,2022-02-26,Kenya,Embu,2022-02-24,14.78,27.6,4.525,8.545,-0.564285,37.6636333,1213.8,3.9
-0.5287267 37.6093317 1240.2 3.9,maize,2021-11-15,2022-02-23,Kenya,Embu,2022-02-23,1.825,0.055,0.845,0.045,-0.5287267,37.6093317,1240.2,3.9
-0.4761931 37.59201 1300.39 4.0,maize,2021-10-09,2022-04-08,Kenya,Embu,2022-03-20,8.57,9.41,2.8,2.5,-0.4761931,37.59201,1300.39,4.0
-0.4865779 37.6929725 1151.0 3.9,maize,2021-10-18,2022-02-20,Kenya,Embu,2022-02-20,16.51,10.02,3.575,2.9,-0.4865779,37.6929725,1151.0,3.9
-0.4884273 37.6949336 1119.89 9.0,maize,2021-10-20,2022-03-02,Kenya,Embu,2022-02-28,10.02,8.925,3.055,3.495,-0.4884273,37.6949336,1119.89,9.0
-0.4160818 37.6410297 1366.89 8.23,maize,2021-10-29,2022-04-01,Kenya,Embu,2022-03-24,6.065,7.805,3.385,3.945,-0.4160818,37.6410297,1366.89,8.23
-0.4421184 37.6626795 1123.79 6.0,maize,2021-10-27,2022-03-15,Kenya,Embu,2022-03-24,5.95,8.395,4.615,4.855,-0.4421184,37.6626795,1123.79,6.0
-0.5597577 37.505875 1248.1 9.64,maize,2021-10-26,2022-02-28,Kenya,Embu,2022-02-21,13.69,9.765,7.555,5.055,-0.5597577,37.505875,1248.1,9.64
-0.4757659 37.640303 1228.98 4.5,maize,2021-10-02,2022-03-02,Kenya,Embu,2022-02-25,16.46,15.66,4.935,4.945,-0.4757659,37.640303,1228.98,4.5
-0.5535467 37.5146983 1251.9 4.59,maize,2021-10-26,2022-02-27,Kenya,Embu,2022-03-04,1.055,2.235,0.605,1.515,-0.5535467,37.5146983,1251.9,4.59
-0.5126767 37.6355233 1180.2 4.59,maize,2021-10-26,2022-02-28,Kenya,Embu,2022-02-23,11.04,12.79,7.585,6.685,-0.5126767,37.6355233,1180.2,4.59
-0.4824847 37.5477242 1407.5 4.1,maize,2021-10-21,2022-03-25,Kenya,Embu,2022-02-28,11.13,14.17,5.255,6.615,-0.4824847,37.5477242,1407.5,4.1
-0.4540526 37.6095081 1324.41 7.27,maize,2021-10-08,2022-03-09,Kenya,Embu,2022-02-20,17.59,18.86,4.655,3.925,-0.4540526,37.6095081,1324.41,7.27
-0.7360546 37.2597917 1124.5 4.59,maize,2021-10-28,2022-03-05,Kenya,Embu,2022-02-22,9.915,5.915,7.88,3.24,-0.7360546,37.2597917,1124.5,4.59
-0.5698487 37.4779844 1263.77 8.57,maize,2021-10-26,2022-02-28,Kenya,Embu,2022-03-02,0.62,1.4,0.285,0.435,-0.5698487,37.4779844,1263.77,8.57
-0.5058367 37.6497833 1219.7 3.9,maize,2021-10-25,2022-02-25,Kenya,Embu,2022-02-23,11.45,9.515,6.835,5.815,-0.5058367,37.6497833,1219.7,3.9
-0.4545221 37.6090932 1330.98 8.66,maize,2021-10-25,2022-03-25,Kenya,Embu,2022-03-03,10.72,11.41,2.655,3.295,-0.4545221,37.6090932,1330.98,8.66
-0.5966838 37.6157713 1197.09 4.63,maize,2021-10-24,2022-02-25,Kenya,Embu,2022-02-22,23.43,20.79,12.7,12.3,-0.5966838,37.6157713,1197.09,4.63
-0.518685 37.5231383 1400.2 3.9,maize,2021-10-20,2022-03-13,Kenya,Embu,2022-03-11,4.135,3.225,2.065,1.555,-0.518685,37.5231383,1400.2,3.9
-0.5665817 37.5290533 1217.0 3.9,maize,2021-10-15,2022-02-26,Kenya,Embu,2022-02-24,5.235,3.095,4.24,2.96,-0.5665817,37.5290533,1217.0,3.9
-0.5469031 37.5377373 1300.5 4.45,maize,2021-10-18,2022-03-16,Kenya,Embu,2022-03-09,0.825,5.265,0.635,3.995,-0.5469031,37.5377373,1300.5,4.45
-0.5383533 37.5276633 1282.2 3.9,maize,2021-10-20,2022-03-20,Kenya,Embu,2022-03-09,5.955,4.455,3.305,2.725,-0.5383533,37.5276633,1282.2,3.9
-0.5408191 37.518547 1270.5 4.08,maize,2021-10-22,2022-03-20,Kenya,Embu,2022-03-14,3.025,4.205,1.255,2.355,-0.5408191,37.518547,1270.5,4.08
-0.5057719 37.5064528 1482.8 3.46,maize,2021-10-22,2022-03-17,Kenya,Embu,2022-03-08,15.61,16.96,8.565,9.605,-0.5057719,37.5064528,1482.8,3.46
-0.5470645 37.541256 1307.3 4.51,maize,2021-10-26,2022-03-17,Kenya,Embu,2022-03-09,8.505,2.525,5.045,1.655,-0.5470645,37.541256,1307.3,4.51
-0.5297267 37.5186867 1344.8 3.9,maize,2021-10-21,2022-03-21,Kenya,Embu,2022-03-09,2.605,0.535,0.695,0.405,-0.5297267,37.5186867,1344.8,3.9
-0.4612064 37.7350985 1099.69 6.0,maize,2021-11-16,2022-02-18,Kenya,Embu,2022-03-03,11.91,12.26,4.025,4.085,-0.4612064,37.7350985,1099.69,6.0
-0.5095167 37.5101333 1459.1 3.4,maize,2021-03-20,2022-03-14,Kenya,Embu,2022-03-08,0.065,4.115,0.055,1.815,-0.5095167,37.5101333,1459.1,3.4
-0.5153353 37.4931704 1400.8 4.81,maize,2021-10-19,2022-03-21,Kenya,Embu,2022-03-10,19.3,20.68,12.5,13.36,-0.5153353,37.4931704,1400.8,4.81
-0.4923017 37.504755 1492.6 3.7,maize,2021-10-23,2022-03-16,Kenya,Embu,2022-03-09,12.63,10.19,7.575,5.155,-0.4923017,37.504755,1492.6,3.7
-0.4892876 37.6957356 1115.77 8.92,maize,2021-10-15,2022-03-03,Kenya,Embu,2022-02-28,10.96,14.2,4.385,4.055,-0.4892876,37.6957356,1115.77,8.92
-0.528585 37.517165 1332.7 3.76,maize,2021-10-20,2022-03-06,Kenya,Embu,2022-03-09,1.975,4.665,1.095,2.775,-0.528585,37.517165,1332.7,3.76
-0.5332066 37.5088367 1282.0 3.9,maize,2021-10-21,2022-03-19,Kenya,Embu,2022-03-21,1.705,3.105,1.185,2.605,-0.5332066,37.5088367,1282.0,3.9
-0.5349835 37.509405 1292.8 2.95,maize,2021-10-19,2022-03-15,Kenya,Embu,2022-03-10,11.82,10.56,7.165,6.195,-0.5349835,37.509405,1292.8,2.95
-0.5426795 37.5179781 1246.3 3.9,maize,2021-10-25,2022-03-14,Kenya,Embu,2022-03-14,1.305,2.885,0.775,1.515,-0.5426795,37.5179781,1246.3,3.9
-0.52963 37.525675 1348.4 4.3,maize,2021-10-28,2022-03-23,Kenya,Embu,2022-03-09,2.855,3.195,1.325,1.635,-0.52963,37.525675,1348.4,4.3
-0.51643 37.5085833 1325.6 3.9,maize,2021-10-21,2022-03-14,Kenya,Embu,2022-03-11,5.475,0.665,3.485,0.495,-0.51643,37.5085833,1325.6,3.9
-0.502102 37.5202403 1446.4 4.51,maize,2021-10-20,2022-03-24,Kenya,Embu,2022-03-11,7.835,5.255,4.365,2.935,-0.502102,37.5202403,1446.4,4.51
-0.515235 37.526965 1434.5 3.9,maize,2021-10-24,2022-03-12,Kenya,Embu,2022-03-11,0.605,4.585,0.175,2.025,-0.515235,37.526965,1434.5,3.9
-0.53261 37.5098967 1311.6 3.9,maize,2021-10-26,2022-03-01,Kenya,Embu,2022-03-11,3.715,7.275,2.455,4.715,-0.53261,37.5098967,1311.6,3.9
-0.5078099 37.508085 1458.1 4.3,maize,2021-10-21,2022-03-22,Kenya,Embu,2022-03-08,12.82,10.05,6.095,3.925,-0.5078099,37.508085,1458.1,4.3
-0.5291917 37.5067033 1305.8 3.9,maize,2021-10-23,2022-03-07,Kenya,Embu,2022-03-10,7.195,8.405,3.935,4.205,-0.5291917,37.5067033,1305.8,3.9
-0.5168516 37.5073279 1356.3 4.92,maize,2021-10-20,2022-03-18,Kenya,Embu,2022-03-08,5.395,7.865,3.385,4.905,-0.5168516,37.5073279,1356.3,4.92
-0.5067194 37.5300661 1424.8 3.9,maize,2021-11-01,2022-03-20,Kenya,Embu,2022-03-14,5.995,20.94,2.915,10.6,-0.5067194,37.5300661,1424.8,3.9
-0.4943636 37.4678696 1507.78 4.0,maize,2021-10-04,2022-02-27,Kenya,Embu,2022-03-01,3.545,5.425,1.77,2.035,-0.4943636,37.4678696,1507.78,4.0
-0.5236248 37.5212447 1404.0 4.8,maize,2021-10-20,2022-03-08,Kenya,Embu,2022-03-14,4.135,6.375,2.545,3.195,-0.5236248,37.5212447,1404.0,4.8
-0.5385704 37.5486564 1372.2 2.52,maize,2021-10-15,2022-03-21,Kenya,Embu,2022-03-16,8.585,11.83,5.145,7.765,-0.5385704,37.5486564,1372.2,2.52
-0.5288183 37.5137933 1309.8 4.5,maize,2021-10-23,2022-03-19,Kenya,Embu,2022-03-16,4.405,5.355,2.865,3.225,-0.5288183,37.5137933,1309.8,4.5
-0.5077933 37.5283432 1437.8 3.9,maize,2021-10-24,2022-03-29,Kenya,Embu,2022-03-14,0.905,4.485,0.455,2.525,-0.5077933,37.5283432,1437.8,3.9
-0.5059466 37.5065819 1482.7 3.32,maize,2021-10-21,2022-03-15,Kenya,Embu,2022-03-08,17.76,17.47,9.835,9.025,-0.5059466,37.5065819,1482.7,3.32
-0.5104361 37.508336 1433.4 4.94,maize,2021-10-19,2022-03-29,Kenya,Embu,2022-03-08,16.16,11.59,9.705,6.285,-0.5104361,37.508336,1433.4,4.94
-0.5000367 37.550985 1399.7 3.9,maize,2021-10-20,2022-03-14,Kenya,Embu,2022-03-10,12.83,10.12,7.875,6.145,-0.5000367,37.550985,1399.7,3.9
-0.4872694 37.5216902 1425.7 4.59,maize,2021-11-02,2022-03-15,Kenya,Embu,2022-03-10,7.605,10.14,4.205,6.605,-0.4872694,37.5216902,1425.7,4.59
-0.5180845 37.5037289 1404.7 4.9,maize,2021-10-19,2022-03-18,Kenya,Embu,2022-03-08,5.365,4.025,4.035,2.905,-0.5180845,37.5037289,1404.7,4.9
-0.4781685 37.4934648 1576.8 4.83,maize,2021-10-20,2022-03-20,Kenya,Embu,2022-02-28,15.15,26.72,11.67,15.71,-0.4781685,37.4934648,1576.8,4.83
-0.6084293 37.4739629 1204.8 3.26,maize,2021-10-21,2022-02-26,Kenya,Kirinyaga,2022-02-26,5.015,4.255,3.985,3.355,-0.6084293,37.4739629,1204.8,3.26
-0.6244684 37.2718985 1215.9 3.04,maize,2020-10-20,2022-03-28,Kenya,Kirinyaga,2022-03-01,5.175,4.475,3.715,2.835,-0.6244684,37.2718985,1215.9,3.04
-0.5545766 37.3773396 1460.9 4.4,maize,2021-10-07,2022-03-07,Kenya,Kirinyaga,2022-02-28,8.655,10.37,4.855,7.325,-0.5545766,37.3773396,1460.9,4.4
-0.6078358 37.3605175 1226.2 3.9,maize,2021-10-09,2022-03-10,Kenya,Kirinyaga,2022-03-02,3.825,2.005,2.415,1.175,-0.6078358,37.3605175,1226.2,3.9
-0.6537351 37.2836944 1219.4 3.9,maize,2021-10-05,2022-03-09,Kenya,Kirinyaga,2022-03-01,4.58,4.85,2.005,1.995,-0.6537351,37.2836944,1219.4,3.9
-0.6068328 37.4683104 1205.69 3.55,maize,2021-10-21,2022-02-17,Kenya,Kirinyaga,2022-02-26,6.525,5.695,3.99,3.34,-0.6068328,37.4683104,1205.69,3.55
-0.5854416 37.350439 1272.5 3.9,maize,2021-10-04,2022-03-04,Kenya,Kirinyaga,2022-03-02,7.545,9.175,4.395,5.765,-0.5854416,37.350439,1272.5,3.9
-0.6192777 37.3178379 1190.0 4.83,maize,2021-10-22,2022-02-28,Kenya,Kirinyaga,2022-03-01,2.055,1.855,1.595,1.175,-0.6192777,37.3178379,1190.0,4.83
-0.6085345 37.4739926 1200.59 2.27,maize,2021-10-22,2022-02-22,Kenya,Kirinyaga,2022-02-18,2.295,1.005,1.005,0.645,-0.6085345,37.4739926,1200.59,2.27
-0.6068317 37.4680667 1206.59 4.9,maize,2021-10-21,2022-03-21,Kenya,Kirinyaga,2022-03-21,8.27,6.305,6.195,4.215,-0.6068317,37.4680667,1206.59,4.9
-0.6067876 37.4682421 1198.8 5.0,maize,2021-10-22,2022-02-24,Kenya,Kirinyaga,2022-02-18,12.12,11.77,8.16,7.125,-0.6067876,37.4682421,1198.8,5.0
-0.64751 37.2894068 1224.0 3.9,maize,2021-10-07,2022-02-25,Kenya,Kirinyaga,2022-03-01,6.095,4.155,3.9,2.675,-0.64751,37.2894068,1224.0,3.9
-0.5982133 37.31577 1275.7 4.5,maize,2020-10-04,2022-03-04,Kenya,Kirinyaga,2022-03-02,8.945,7.36,4.405,3.405,-0.5982133,37.31577,1275.7,4.5
-0.6749 37.43704 1130.39 2.2,maize,2021-10-21,2022-02-23,Kenya,Kirinyaga,2022-02-26,5.145,12.27,3.215,2.72,-0.6749,37.43704,1130.39,2.2
-0.5767772 37.3330751 1294.3 3.9,maize,2020-10-04,2022-03-04,Kenya,Kirinyaga,2022-03-02,3.56,0.14,2.435,0.1,-0.5767772,37.3330751,1294.3,3.9
-0.594345 37.3404633 1255.0 7.0,maize,2020-10-04,2022-03-04,Kenya,Kirinyaga,2022-03-02,14.88,11.42,6.455,4.255,-0.594345,37.3404633,1255.0,7.0
-0.5527773 37.3489127 1354.0 3.9,maize,2021-10-04,2022-03-04,Kenya,Kirinyaga,2022-03-02,9.185,11.89,7.01,9.43,-0.5527773,37.3489127,1354.0,3.9
-0.5916507 37.3203438 1268.4 5.94,maize,2021-10-04,2022-03-04,Kenya,Kirinyaga,2022-03-02,5.66,3.78,3.515,1.665,-0.5916507,37.3203438,1268.4,5.94
-0.7385873 37.3223027 1153.7 3.9,maize,2021-10-09,2022-02-25,Kenya,Kirinyaga,2022-03-01,24.69,24.5,22.5,19.73,-0.7385873,37.3223027,1153.7,3.9
-0.7891516 37.4413233 1108.89 4.2,maize,2021-10-22,2022-02-23,Kenya,Kirinyaga,2022-03-04,4.325,4.885,2.745,3.405,-0.7891516,37.4413233,1108.89,4.2
-0.4357971 37.551706 1477.7 4.9,maize,2021-09-20,2022-02-20,Kenya,Kirinyaga,2022-02-28,5.195,4.705,2.995,2.185,-0.4357971,37.551706,1477.7,4.9
-0.502628 37.5973158 1244.3 2.34,maize,2021-10-21,2022-02-28,Kenya,Kirinyaga,2022-03-21,6.96,5.875,4.865,3.975,-0.502628,37.5973158,1244.3,2.34
-0.5150983 37.3843967 1471.3 4.59,maize,2021-12-08,2022-03-08,Kenya,Kirinyaga,2022-03-03,7.51,4.34,4.725,2.505,-0.5150983,37.3843967,1471.3,4.59
-0.4720488 37.3944789 1536.5 3.9,maize,2021-10-07,2022-03-07,Kenya,Kirinyaga,2022-03-04,5.74,4.04,2.445,1.945,-0.4720488,37.3944789,1536.5,3.9
-0.60725 37.32933 1190.5 4.9,maize,2021-10-20,2022-03-20,Kenya,Kirinyaga,2022-03-01,8.225,6.505,6.085,3.935,-0.60725,37.32933,1190.5,4.9
-0.4357408 37.551771 1474.8 4.98,maize,2021-10-20,2022-02-18,Kenya,Kirinyaga,2022-02-26,8.15,9.38,5.24,5.44,-0.4357408,37.551771,1474.8,4.98
-0.5202334 37.3906494 1389.5 4.75,maize,2021-10-22,2022-03-04,Kenya,Kirinyaga,2022-03-15,4.665,5.525,3.125,4.275,-0.5202334,37.3906494,1389.5,4.75
-0.4360668 37.5521631 1582.6 4.8,maize,2021-10-20,2022-02-20,Kenya,Kirinyaga,2022-02-28,5.955,4.885,4.445,3.025,-0.4360668,37.5521631,1582.6,4.8
-0.4962485 37.6476136 1188.0 5.0,maize,2021-10-20,2022-03-05,Kenya,Kirinyaga,2022-03-01,5.375,5.425,4.445,4.715,-0.4962485,37.6476136,1188.0,5.0
-0.7840175 37.4429516 1118.8 4.9,maize,2021-10-25,2022-02-28,Kenya,Kirinyaga,2022-03-01,5.625,4.805,4.265,3.125,-0.7840175,37.4429516,1118.8,4.9
-0.46428 37.4005017 1580.7 3.9,maize,2021-10-07,2022-03-07,Kenya,Kirinyaga,2022-03-03,5.74,4.04,2.965,1.815,-0.46428,37.4005017,1580.7,3.9
-0.3892489 37.5419434 1675.7 4.91,maize,2021-10-25,2022-02-27,Kenya,Kirinyaga,2022-02-26,5.955,8.045,4.965,6.245,-0.3892489,37.5419434,1675.7,4.91
-0.4357668 37.5518398 1465.1 4.94,maize,2022-01-15,2022-02-20,Kenya,Kirinyaga,2022-03-04,3.935,3.455,2.235,1.985,-0.4357668,37.5518398,1465.1,4.94
-0.5159137 37.3862024 1448.5 3.9,maize,2021-10-07,2022-03-07,Kenya,Kirinyaga,2022-03-03,7.25,5.51,3.585,2.005,-0.5159137,37.3862024,1448.5,3.9
-0.4356933 37.5517782 1475.9 4.0,maize,2021-10-20,2022-02-22,Kenya,Kirinyaga,2022-02-26,6.755,6.275,5.345,4.435,-0.4356933,37.5517782,1475.9,4.0
-0.5591619 37.3409611 1322.2 2.74,maize,2021-10-10,2022-03-04,Kenya,Kirinyaga,2022-03-04,3.815,4.335,3.145,3.655,-0.5591619,37.3409611,1322.2,2.74
-0.5466632 37.3840851 1379.1 3.9,maize,2021-10-07,2022-03-07,Kenya,Kirinyaga,2022-03-04,8.04,11.77,5.825,7.715,-0.5466632,37.3840851,1379.1,3.9
-0.5508486 37.413275 1383.6 3.9,maize,2021-10-08,2022-03-08,Kenya,Kirinyaga,2022-02-28,11.84,9.945,8.425,6.435,-0.5508486,37.413275,1383.6,3.9
-0.5027024 37.5973497 1288.0 4.62,maize,2021-10-22,2022-02-26,Kenya,Kirinyaga,2022-02-26,8.075,6.715,6.755,5.135,-0.5027024,37.5973497,1288.0,4.62
-0.4730469 37.4146917 1572.0 3.9,maize,2021-10-04,2022-03-07,Kenya,Kirinyaga,2022-03-03,7.4,8.97,3.085,5.295,-0.4730469,37.4146917,1572.0,3.9
-0.4356616 37.5516699 1464.3 4.62,maize,2021-10-18,2022-02-20,Kenya,Kirinyaga,2022-02-28,2.235,4.665,1.395,3.125,-0.4356616,37.5516699,1464.3,4.62
-0.4733183 37.4159467 1594.1 9.69,maize,2020-10-18,2022-03-01,Kenya,Kirinyaga,2022-03-04,12.94,23.94,8.665,12.12,-0.4733183,37.4159467,1594.1,9.69
-0.4736283 37.4156883 1546.2 7.1,maize,2021-10-07,2022-03-07,Kenya,Kirinyaga,2022-03-03,6.12,8.92,4.15,6.035,-0.4736283,37.4156883,1546.2,7.1
-0.43566 37.5517733 1470.7 4.3,maize,2021-10-18,2022-02-18,Kenya,Kirinyaga,2022-02-28,4.385,3.805,3.185,2.625,-0.43566,37.5517733,1470.7,4.3
-0.4740074 37.3977408 1569.0 3.9,maize,2021-10-07,2022-03-07,Kenya,Kirinyaga,2022-03-03,13.16,6.04,7.925,4.185,-0.4740074,37.3977408,1569.0,3.9
-0.5671177 37.3598883 1282.09 4.22,maize,2021-10-20,2022-03-04,Kenya,Kirinyaga,2022-03-04,12.3,9.72,7.73,6.14,-0.5671177,37.3598883,1282.09,4.22
-0.4356711 37.5516905 1471.8 4.98,maize,2021-10-18,2022-02-20,Kenya,Kirinyaga,2022-02-28,4.315,5.485,3.655,4.505,-0.4356711,37.5516905,1471.8,4.98
-0.5106743 37.3849924 1474.0 3.9,maize,2021-10-08,2022-03-08,Kenya,Kirinyaga,2022-03-03,5.59,4.48,3.345,2.445,-0.5106743,37.3849924,1474.0,3.9
-0.5026444 37.5973135 1248.39 4.67,maize,2021-10-21,2022-02-28,Kenya,Kirinyaga,2022-02-26,9.26,7.83,6.075,5.405,-0.5026444,37.5973135,1248.39,4.67
-0.50817 37.4069767 1459.0 3.9,maize,2021-10-08,2022-03-08,Kenya,Kirinyaga,2022-03-03,6.17,10.27,4.585,6.985,-0.50817,37.4069767,1459.0,3.9
-0.4357038 37.5516656 1468.3 5.0,maize,2021-10-20,2022-02-20,Kenya,Kirinyaga,2022-03-01,7.815,7.405,5.995,5.075,-0.4357038,37.5516656,1468.3,5.0
-0.4720044 37.3972484 1581.0 3.9,maize,2021-10-08,2022-03-08,Kenya,Kirinyaga,2022-03-03,9.4,5.75,5.855,3.015,-0.4720044,37.3972484,1581.0,3.9
-0.4356483 37.5516678 1471.8 5.0,maize,2021-10-15,2022-02-20,Kenya,Kirinyaga,2022-02-28,4.735,5.105,2.17,3.315,-0.4356483,37.5516678,1471.8,5.0
-0.4722343 37.3972368 1579.8 3.9,maize,2021-10-08,2022-03-08,Kenya,Kirinyaga,2022-03-03,4.93,6.28,2.435,3.575,-0.4722343,37.3972368,1579.8,3.9
-0.4790809 37.4293558 1559.0 3.9,maize,2021-10-08,2022-03-08,Kenya,Kirinyaga,2022-03-03,6.26,7.42,4.675,5.105,-0.4790809,37.4293558,1559.0,3.9
-0.5025418 37.5974835 1251.39 3.44,maize,2021-10-23,2022-02-21,Kenya,Kirinyaga,2022-02-28,4.125,3.655,3.055,2.695,-0.5025418,37.5974835,1251.39,3.44
-0.5042465 37.4022112 1495.8 9.11,maize,2021-10-28,2022-03-28,Kenya,Kirinyaga,2022-03-04,51.3,62.72,12.23,15.04,-0.5042465,37.4022112,1495.8,9.11
-0.4728214 37.414728 1582.8 6.29,maize,2021-10-07,2022-03-07,Kenya,Kirinyaga,2022-03-04,29.76,24.49,14.58,10.4,-0.4728214,37.414728,1582.8,6.29
-0.550745 37.4131617 1385.6 3.9,maize,2021-10-08,2022-03-08,Kenya,Kirinyaga,2022-02-28,17.42,15.52,13.65,10.02,-0.550745,37.4131617,1385.6,3.9
-0.4818653 37.3814089 1630.7 4.84,maize,2021-10-08,2022-03-08,Kenya,Kirinyaga,2022-03-04,31.76,26.47,16.28,10.41,-0.4818653,37.3814089,1630.7,4.84
0.3141426 38.0535647 1015.8 8.65,maize,2021-11-11,2022-03-15,Kenya,Meru,2022-03-05,12.64,11.44,4.385,3.855,0.3141426,38.0535647,1015.8,8.65
0.223977 37.5968266 1476.96 6.43,maize,2021-10-28,2022-02-28,Kenya,Meru,2022-02-28,8.5,10.5,4.12,5.7,0.223977,37.5968266,1476.96,6.43
0.2172494 37.7233435 1356.9 4.8,maize,2021-10-28,2022-02-17,Kenya,Meru,2022-03-11,20.0,18.96,16.845,13.633,0.2172494,37.7233435,1356.9,4.8
0.1536317 37.7948783 1490.4 4.09,maize,2021-10-13,2022-03-20,Kenya,Meru,2022-03-02,13.07,10.25,11.08,8.625,0.1536317,37.7948783,1490.4,4.09
0.0884789 37.8120652 1196.2 4.3,maize,2021-10-24,2022-03-12,Kenya,Meru,2022-03-11,8.445,7.61,4.975,3.995,0.0884789,37.8120652,1196.2,4.3
0.3143454 38.0535774 1015.5 9.8,maize,2021-10-11,2022-03-11,Kenya,Meru,2022-03-05,9.765,10.93,4.855,5.315,0.3143454,38.0535774,1015.5,9.8
0.0774264 37.6734472 1419.1 6.85,maize,2021-10-15,2022-03-10,Kenya,Meru,2022-03-21,15.11,17.26,8.525,11.87,0.0774264,37.6734472,1419.1,6.85
0.136545 37.7228801 1483.0 4.5,maize,2021-10-15,2022-02-18,Kenya,Meru,2022-03-07,17.85,15.6,11.08,13.43,0.136545,37.7228801,1483.0,4.5
0.2195973 37.7884828 1460.3 4.94,maize,2020-10-10,2022-02-28,Kenya,Meru,2022-03-29,2.605,1.61,1.035,0.555,0.2195973,37.7884828,1460.3,4.94
0.3495791 38.0568152 1068.0 4.96,maize,2021-10-10,2022-03-10,Kenya,Meru,2022-03-05,10.41,8.395,4.265,4.305,0.3495791,38.0568152,1068.0,4.96
0.2815217 38.0597733 933.6 4.7,maize,2020-11-13,2022-02-28,Kenya,Meru,2022-03-03,6.175,7.775,5.465,6.055,0.2815217,38.0597733,933.6,4.7
0.2800851 38.0612259 925.5 4.54,maize,2021-10-17,2022-03-05,Kenya,Meru,2022-03-15,4.425,3.055,3.245,2.435,0.2800851,38.0612259,925.5,4.54
0.2788795 38.0622256 925.7 4.94,maize,2021-10-22,2022-02-27,Kenya,Meru,2022-03-15,3.095,2.575,1.285,0.895,0.2788795,38.0622256,925.7,4.94
0.3216239 38.055878 1021.0 6.1,maize,2021-11-07,2022-03-12,Kenya,Meru,2022-03-06,11.22,12.41,5.455,9.715,0.3216239,38.055878,1021.0,6.1
0.1183667 37.7288117 1373.7 3.9,maize,2020-10-07,2022-02-26,Kenya,Meru,2022-03-02,11.54,11.29,9.665,8.965,0.1183667,37.7288117,1373.7,3.9
0.2849086 37.8713689 1693.6 4.51,maize,2021-10-10,2022-03-01,Kenya,Meru,2022-03-07,7.605,5.675,3.75,2.565,0.2849086,37.8713689,1693.6,4.51
0.0346181 37.7270887 1260.9 8.97,maize,2021-10-10,2022-02-20,Kenya,Meru,2022-03-21,17.05,10.6,7.585,5.87,0.0346181,37.7270887,1260.9,8.97
0.0488567 37.8243217 1153.3 5.2,maize,2021-09-12,2022-03-15,Kenya,Meru,2022-03-07,9.935,12.01,4.495,8.555,0.0488567,37.8243217,1153.3,5.2
0.2774064 38.0626627 933.7 4.93,maize,2020-11-21,2022-02-23,Kenya,Meru,2022-03-15,2.415,1.985,1.905,1.395,0.2774064,38.0626627,933.7,4.93
0.1179968 37.7277217 1402.8 4.5,maize,2021-10-17,2022-02-23,Kenya,Meru,2022-03-03,7.165,6.205,4.545,3.535,0.1179968,37.7277217,1402.8,4.5
0.048975 37.823185 1133.8 3.9,maize,2021-09-12,2022-03-15,Kenya,Meru,2022-03-02,13.62,10.84,8.195,8.885,0.048975,37.823185,1133.8,3.9
0.3327147 38.0571685 1022.5 4.5,maize,2021-11-10,2022-03-10,Kenya,Meru,2022-03-05,8.545,9.355,4.975,4.195,0.3327147,38.0571685,1022.5,4.5
0.335291 38.0576937 1041.4 6.78,maize,2021-11-08,2022-03-11,Kenya,Meru,2022-03-06,11.41,12.72,8.025,5.0,0.335291,38.0576937,1041.4,6.78
0.1536317 37.7948783 1490.4 4.09,maize,2021-09-21,2022-02-27,Kenya,Meru,2022-03-02,24.88,18.34,11.06,9.405,0.1536317,37.7948783,1490.4,4.09
0.1181052 37.7277432 1373.9 3.9,maize,2021-10-10,2022-02-20,Kenya,Meru,2022-02-14,20.0,24.02,9.355,7.145,0.1181052,37.7277432,1373.9,3.9
0.2704544 38.0581104 920.3 3.64,maize,2021-09-29,2022-03-03,Kenya,Meru,2022-03-03,4.995,5.98,2.565,3.205,0.2704544,38.0581104,920.3,3.64
0.0415787 37.6982663 1268.3 8.5,maize,2021-10-20,2022-03-10,Kenya,Meru,2022-03-21,10.47,9.0,3.75,3.82,0.0415787,37.6982663,1268.3,8.5
0.2789571 38.0660694 913.2 4.31,maize,2021-10-11,2022-03-10,Kenya,Meru,2022-03-03,6.9,5.01,2.555,3.205,0.2789571,38.0660694,913.2,4.31
0.0618658 37.7051047 1252.8 4.93,maize,2021-10-25,2022-03-10,Kenya,Meru,2022-03-21,29.5,13.38,12.91,10.53,0.0618658,37.7051047,1252.8,4.93
0.2933643 37.9157951 1814.1 4.76,maize,2021-10-10,2022-03-01,Kenya,Meru,2022-03-07,20.5,25.38,13.75,17.0,0.2933643,37.9157951,1814.1,4.76
0.2704709 38.0580322 900.1 3.16,maize,2021-11-05,2022-03-03,Kenya,Meru,2022-03-03,2.98,2.22,1.335,0.945,0.2704709,38.0580322,900.1,3.16
0.2817143 38.0670875 907.4 4.5,maize,2021-10-20,2022-03-05,Kenya,Meru,2022-03-03,9.715,8.835,6.365,4.485,0.2817143,38.0670875,907.4,4.5
0.1363949 37.7231459 1426.6 4.84,maize,2021-10-11,2022-02-27,Kenya,Meru,2022-03-07,11.36,9.405,8.435,7.205,0.1363949,37.7231459,1426.6,4.84
0.2777626 38.0642293 908.8 4.41,maize,2021-10-23,2022-03-10,Kenya,Meru,2022-03-03,7.325,6.075,5.295,4.225,0.2777626,38.0642293,908.8,4.41
0.3213716 38.0558585 1020.1 8.3,maize,2021-10-20,2022-03-11,Kenya,Meru,2022-03-06,9.795,10.69,5.625,6.255,0.3213716,38.0558585,1020.1,8.3
0.179055 37.7324483 1373.3 7.0,maize,2021-11-06,2022-03-08,Kenya,Meru,2022-03-07,15.84,13.74,8.735,6.385,0.179055,37.7324483,1373.3,7.0
0.3273325 38.0663014 983.0 4.34,maize,2021-10-10,2022-03-10,Kenya,Meru,2022-03-05,7.765,9.825,1.445,3.155,0.3273325,38.0663014,983.0,4.34
0.0615033 37.705 1252.8 4.3,maize,2021-10-10,2022-03-10,Kenya,Meru,2022-03-21,12.82,15.25,5.855,7.46,0.0615033,37.705,1252.8,4.3
0.0889239 37.8095522 1110.4 4.9,maize,2021-10-20,2022-03-11,Kenya,Meru,2022-03-11,12.99,14.21,8.87,9.705,0.0889239,37.8095522,1110.4,4.9
0.0231539 37.7077817 1274.4 3.14,maize,2021-10-20,2022-03-10,Kenya,Meru,2022-03-21,17.97,9.92,6.765,6.725,0.0231539,37.7077817,1274.4,3.14
0.2892001 38.0766334 999.7 3.66,maize,2021-10-16,2022-03-10,Kenya,Meru,2022-03-16,16.97,20.31,11.95,14.17,0.2892001,38.0766334,999.7,3.66
0.08497 37.8574917 1147.7 4.7,maize,2021-10-05,2022-03-07,Kenya,Meru,2022-02-26,26.35,27.37,19.44,17.75,0.08497,37.8574917,1147.7,4.7
0.1364214 37.7232254 1433.1 6.56,maize,2021-10-09,2022-03-08,Kenya,Meru,2022-03-02,28.45,20.79,15.78,14.51,0.1364214,37.7232254,1433.1,6.56
0.1614809 37.64396 1486.45 7.5,maize,2021-10-17,2022-03-26,Kenya,Meru,2022-03-26,10.98,11.91,5.43,5.73,0.1614809,37.64396,1486.45,7.5
-0.1051202 37.8629449 785.8 4.58,maize,2021-11-20,2022-02-18,Kenya,Meru,2022-04-07,24.27,23.12,18.33,16.34,-0.1051202,37.8629449,785.8,4.58
0.1925149 37.6696852 1418.36 8.57,maize,2021-10-05,2022-04-09,Kenya,Meru,2022-04-11,13.13,12.6,7.3,6.69,0.1925149,37.6696852,1418.36,8.57
-0.039268333333333336 37.75876166666667 1170.5 7.8,maize,2021-10-16,2022-02-21,Kenya,Meru,2022-03-01,28.71,29.38,18.83,23.87,-0.0392683333333333,37.75876166666667,1170.5,7.8
0.0877447 37.8180527 1163.7 4.76,maize,2021-10-23,2022-03-12,Kenya,Meru,2022-03-11,11.24,12.63,6.55,7.805,0.0877447,37.8180527,1163.7,4.76
0.088947 37.8200266 1134.4 4.82,maize,2021-10-18,2022-03-12,Kenya,Meru,2022-03-11,13.24,14.51,7.735,8.975,0.088947,37.8200266,1134.4,4.82
-0.1050947 37.8629599 802.4 4.97,maize,2021-11-22,2022-02-20,Kenya,Meru,2022-03-06,13.32,11.63,9.385,8.785,-0.1050947,37.8629599,802.4,4.97
-0.1049787 37.8629973 763.4 4.96,maize,2021-11-17,2022-02-28,Kenya,Meru,2022-03-06,14.6,14.99,9.455,9.605,-0.1049787,37.8629973,763.4,4.96
-0.1065185 37.8614894 789.9 4.52,maize,2021-10-16,2022-03-08,Kenya,Meru,2022-03-05,5.605,6.405,3.235,3.185,-0.1065185,37.8614894,789.9,4.52
-0.007201666666666666 37.76666 1116.5 4.9,maize,2021-10-15,2022-03-02,Kenya,Meru,2022-03-02,17.29,19.38,11.73,12.67,-0.0072016666666666,37.76666,1116.5,4.9
-0.0171375 37.6663698 1531.5 4.7,maize,2021-11-20,2022-03-06,Kenya,Meru,2022-03-17,11.01,11.34,7.445,7.105,-0.0171375,37.6663698,1531.5,4.7
0.1727234 37.7832314 1516.3 4.96,maize,2021-10-15,2022-02-25,Kenya,Meru,2022-03-05,14.96,15.99,4.256,3.505,0.1727234,37.7832314,1516.3,4.96
0.124419 38.025986 790.3 4.78,maize,2021-11-15,2022-03-10,Kenya,Meru,2022-03-14,10.74,7.495,7.308,4.865,0.124419,38.025986,790.3,4.78
0.0905117 37.8222117 1183.59 3.9,maize,2021-10-14,2022-02-25,Kenya,Meru,2022-02-26,23.83,26.51,13.9,12.71,0.0905117,37.8222117,1183.59,3.9
-0.1053609 37.8625849 764.24 4.09,maize,2021-10-27,2022-02-15,Kenya,Meru,2022-03-07,15.45,11.01,9.635,8.365,-0.1053609,37.8625849,764.24,4.09
-0.1053927 37.8627207 775.4 4.96,maize,2021-11-22,2022-02-20,Kenya,Meru,2022-03-16,13.06,12.05,9.095,8.135,-0.1053927,37.8627207,775.4,4.96
-0.1050341 37.8629852 766.9 4.95,maize,2021-11-22,2022-02-28,Kenya,Meru,2022-03-06,13.01,14.06,8.885,9.025,-0.1050341,37.8629852,766.9,4.95
-0.014081666666666666 37.834035 973.9 6.1,maize,2021-10-15,2022-02-19,Kenya,Meru,2022-03-02,8.195,9.875,7.515,8.755,-0.0140816666666666,37.834035,973.9,6.1
-0.1055053 37.8625036 760.59 5.36,maize,2021-10-24,2022-02-14,Kenya,Meru,2022-03-21,13.09,11.2,11.53,9.985,-0.1055053,37.8625036,760.59,5.36
0.3013135 38.0818897 897.0 4.84,maize,2021-10-24,2022-03-10,Kenya,Meru,2022-03-04,15.05,11.9,1.725,1.495,0.3013135,38.0818897,897.0,4.84
-0.1051195 37.862867 810.9 4.9,maize,2021-12-06,2022-02-20,Kenya,Meru,2022-04-07,12.93,15.26,7.455,9.975,-0.1051195,37.862867,810.9,4.9
0.1866122 37.64908 1428.91 7.5,maize,2021-10-08,2022-04-08,Kenya,Meru,2022-04-09,15.38,12.17,7.38,6.25,0.1866122,37.64908,1428.91,7.5
-0.1063717 37.8615633 781.2 3.9,maize,2021-10-08,2022-02-27,Kenya,Meru,2022-03-15,3.155,1.275,1.515,1.085,-0.1063717,37.8615633,781.2,3.9
-0.1053738 37.8626439 783.8 4.58,maize,2021-11-26,2022-02-25,Kenya,Meru,2022-03-16,9.265,12.22,7.005,8.485,-0.1053738,37.8626439,783.8,4.58
0.121295 37.785055 1399.2 3.9,maize,2021-10-04,2022-02-25,Kenya,Meru,2022-03-02,10.01,11.13,7.035,6.165,0.121295,37.785055,1399.2,3.9
-0.126102 37.8689214 710.5 4.86,maize,2021-10-12,2022-03-12,Kenya,Meru,2022-03-05,7.265,6.375,4.715,3.285,-0.126102,37.8689214,710.5,4.86
-0.1048102 37.8624285 760.81 4.09,maize,2021-10-14,2022-02-14,Kenya,Meru,2022-03-12,7.985,13.08,6.97,9.145,-0.1048102,37.8624285,760.81,4.09
0.3616457 37.9435645 1794.5 6.8,maize,2021-11-20,2022-05-09,Kenya,Meru,2022-04-09,6.7,7.93,3.04,3.43,0.3616457,37.9435645,1794.5,6.8
-0.1050941 37.8627289 758.23 3.9,maize,2021-10-22,2022-02-14,Kenya,Meru,2022-03-05,17.6,14.32,10.05,8.265,-0.1050941,37.8627289,758.23,3.9
-0.105135 37.86297 816.9 4.3,maize,2021-11-23,2022-02-20,Kenya,Meru,2022-03-06,12.5,11.25,9.305,9.005,-0.105135,37.86297,816.9,4.3
0.0218309 37.773725 1106.71 4.82,maize,2021-11-23,2022-02-24,Kenya,Meru,2022-03-17,21.65,19.42,15.23,13.28,0.0218309,37.773725,1106.71,4.82
-0.1050924 37.8630099 758.12 8.18,maize,2021-11-23,2022-02-27,Kenya,Meru,2022-03-06,11.5,12.37,8.095,8.275,-0.1050924,37.8630099,758.12,8.18
0.1718228 37.6183688 1556.91 5.36,maize,2021-10-07,2022-03-22,Kenya,Meru,2022-03-22,9.48,9.48,5.1,5.5,0.1718228,37.6183688,1556.91,5.36
-0.1112816 37.8571825 788.38 6.78,maize,2021-10-28,2022-04-14,Kenya,Meru,2022-04-09,17.78,19.28,10.24,14.71,-0.1112816,37.8571825,788.38,6.78
0.1716963 37.6178577 1550.17 6.43,maize,2021-10-03,2022-03-22,Kenya,Meru,2022-04-08,11.14,11.14,6.3,7.68,0.1716963,37.6178577,1550.17,6.43
0.1362594 37.6192928 1672.3 6.43,maize,2021-10-09,2022-03-26,Kenya,Meru,2022-03-26,6.53,9.51,2.5,3.5,0.1362594,37.6192928,1672.3,6.43
0.0597189 37.8099628 1126.0 4.59,maize,2021-10-19,2022-02-24,Kenya,Meru,2022-02-25,10.37,8.71,6.385,4.865,0.0597189,37.8099628,1126.0,4.59
-0.1054821 37.86262 782.9 4.64,maize,2021-11-21,2022-02-21,Kenya,Meru,2022-03-17,16.6,13.08,11.48,9.215,-0.1054821,37.86262,782.9,4.64
0.1367049 37.5232492 2007.5 4.77,maize,2021-10-20,2022-04-04,Kenya,Meru,2022-04-04,8.515,9.44,3.725,4.885,0.1367049,37.5232492,2007.5,4.77
0.0780292 37.7757053 1193.4 4.57,maize,2021-10-09,2022-04-21,Kenya,Meru,2022-02-26,17.58,19.61,12.03,14.67,0.0780292,37.7757053,1193.4,4.57
-0.1051993 37.8627053 762.11 4.28,maize,2021-10-28,2022-02-15,Kenya,Meru,2022-03-12,11.97,12.91,8.51,8.95,-0.1051993,37.8627053,762.11,4.28
0.1373668 37.6241141 1638.73 7.5,maize,2021-10-03,2022-03-26,Kenya,Meru,2022-03-26,19.99,17.99,12.25,11.31,0.1373668,37.6241141,1638.73,7.5
-0.023065 37.78421166666667 1043.9 4.59,maize,2021-10-16,2022-02-20,Kenya,Meru,2022-03-21,14.92,20.32,12.89,14.27,-0.023065,37.78421166666667,1043.9,4.59
-0.0445081 37.7340474 1208.4 3.9,maize,2021-10-15,2022-02-28,Kenya,Meru,2022-02-22,17.17,16.18,10.01,9.115,-0.0445081,37.7340474,1208.4,3.9
0.1122663 37.5012864 2266.5 4.88,maize,2021-10-20,2022-04-04,Kenya,Meru,2022-04-04,15.01,23.51,7.075,18.03,0.1122663,37.5012864,2266.5,4.88
0.3573181 37.9890074 1639.3 7.94,maize,2021-10-11,2022-03-11,Kenya,Meru,2022-03-06,8.915,9.925,4.735,6.045,0.3573181,37.9890074,1639.3,7.94
-0.1265632 37.8686677 716.9 4.05,maize,2021-10-12,2022-03-08,Kenya,Meru,2022-03-05,7.315,8.485,5.505,5.615,-0.1265632,37.8686677,716.9,4.05
-0.1051154 37.8628098 753.24 8.49,maize,2021-10-18,2022-02-14,Kenya,Meru,2022-03-21,14.78,13.24,9.385,8.165,-0.1051154,37.8628098,753.24,8.49
-0.1051517 37.8627539 729.87 4.28,maize,2021-10-23,2022-02-15,Kenya,Meru,2022-02-24,19.39,16.32,12.02,10.1,-0.1051517,37.8627539,729.87,4.28
0.0579243 37.7803894 1216.59 4.65,maize,2021-10-02,2022-02-16,Kenya,Meru,2022-02-28,10.72,8.435,7.355,5.285,0.0579243,37.7803894,1216.59,4.65
0.0731021 37.8070444 1155.3 4.92,maize,2021-10-11,2022-02-20,Kenya,Meru,2022-02-25,12.25,8.28,5.76,3.48,0.0731021,37.8070444,1155.3,4.92
0.0553805 37.8014008 1209.59 4.51,maize,2021-10-11,2022-02-21,Kenya,Meru,2022-02-25,10.8,20.03,6.805,13.21,0.0553805,37.8014008,1209.59,4.51
0.0761204 37.8081157 1189.5 4.55,maize,2021-10-04,2022-02-22,Kenya,Meru,2022-02-25,13.12,8.59,7.085,4.735,0.0761204,37.8081157,1189.5,4.55
0.1527169 37.6319419 1539.66 5.36,maize,2021-11-17,2022-03-22,Kenya,Meru,2022-03-22,25.22,19.08,14.58,10.38,0.1527169,37.6319419,1539.66,5.36
0.069702 37.7745607 1181.0 4.71,maize,2021-10-29,2022-02-23,Kenya,Meru,2022-02-26,20.98,20.76,13.3,10.36,0.069702,37.7745607,1181.0,4.71
0.0872704 37.8200964 1210.0 4.88,maize,2021-10-21,2022-03-12,Kenya,Meru,2022-03-11,8.46,9.01,4.78,6.025,0.0872704,37.8200964,1210.0,4.88
0.3028844 38.0851735 877.7 4.76,maize,2020-10-20,2022-03-01,Kenya,Meru,2022-03-16,7.925,3.295,5.855,2.195,0.3028844,38.0851735,877.7,4.76
0.1125693 37.5015016 2263.1 4.45,maize,2021-10-25,2022-04-04,Kenya,Meru,2022-04-04,11.53,13.09,6.125,7.775,0.1125693,37.5015016,2263.1,4.45
0.310555 38.1363667 789.0 3.9,maize,2021-11-16,2022-02-22,Kenya,Meru,2022-03-16,3.245,3.855,1.795,2.045,0.310555,38.1363667,789.0,3.9
0.29668 38.0466017 1033.9 4.5,maize,2020-11-15,2022-02-27,Kenya,Meru,2022-03-04,13.87,9.89,7.605,5.545,0.29668,38.0466017,1033.9,4.5
0.1788973 37.6071683 1598.25 9.64,maize,2021-10-01,2022-03-22,Kenya,Meru,2022-03-22,6.57,8.63,5.45,6.51,0.1788973,37.6071683,1598.25,9.64
-0.1063998 37.8615996 758.4 4.28,maize,2021-11-22,2022-02-27,Kenya,Meru,2022-03-15,6.665,5.925,3.175,2.395,-0.1063998,37.8615996,758.4,4.28
0.0710371 37.809194 1186.2 4.7,maize,2021-10-19,2022-02-17,Kenya,Meru,2022-02-25,27.77,30.47,19.37,20.9,0.0710371,37.809194,1186.2,4.7
-0.0171414 37.7613932 1093.1 2.6,maize,2021-09-26,2022-02-20,Kenya,Meru,2022-02-14,42.9,46.07,29.14,26.99,-0.0171414,37.7613932,1093.1,2.6
0.0841957 37.8157906 1207.9 5.0,maize,2021-10-23,2022-02-27,Kenya,Meru,2022-02-24,11.33,19.89,6.74,7.355,0.0841957,37.8157906,1207.9,5.0
-0.01667 37.76304666666667 1147.0 7.0,maize,2021-10-17,2022-02-21,Kenya,Meru,2022-03-01,22.53,18.53,21.05,15.25,-0.01667,37.76304666666667,1147.0,7.0
0.1783375 37.6076529 1570.21 9.64,maize,2021-09-29,2022-03-22,Kenya,Meru,2022-04-09,13.58,10.6,7.14,5.09,0.1783375,37.6076529,1570.21,9.64
0.3049109 37.9891171 1421.4 6.56,maize,2021-11-10,2022-03-10,Kenya,Meru,2022-03-16,2.735,3.385,1.025,1.855,0.3049109,37.9891171,1421.4,6.56
0.0595534 37.7982743 1155.7 4.86,maize,2021-10-12,2022-02-24,Kenya,Meru,2022-02-25,7.765,7.83,4.385,3.06,0.0595534,37.7982743,1155.7,4.86
-0.0334984 37.6790372 1439.4 4.8,maize,2021-11-14,2022-02-28,Kenya,Meru,2022-03-17,14.69,15.31,10.6,11.57,-0.0334984,37.6790372,1439.4,4.8
-0.014889999999999999 37.762415000000004 691.8 5.6,maize,2021-10-17,2022-02-21,Kenya,Meru,2022-03-11,11.83,14.78,6.885,9.815,-0.0148899999999999,37.762415,691.8,5.6
-0.002456666666666667 37.788275 1087.4 4.5,maize,2021-10-05,2022-03-09,Kenya,Meru,2022-03-24,16.98,22.33,12.26,16.98,-0.0024566666666666,37.788275,1087.4,4.5
4.95E-4 37.787953333333334 1090.7 6.9,maize,2021-10-15,2022-02-21,Kenya,Meru,2022-03-02,26.08,26.78,19.94,21.98,0.000495,37.78795333333333,1090.7,6.9
-0.1050929 37.8625345 758.74 4.82,maize,2021-10-15,2022-02-13,Kenya,Meru,2022-03-03,11.92,15.85,6.075,10.16,-0.1050929,37.8625345,758.74,4.82
-0.1050482 37.8627244 808.1 4.4,maize,2021-11-24,2022-02-20,Kenya,Meru,2022-02-21,11.62,10.07,7.725,7.115,-0.1050482,37.8627244,808.1,4.4
-0.1052573 37.8626186 749.69 4.82,maize,2021-10-20,2022-02-15,Kenya,Meru,2022-03-02,11.61,11.61,7.135,7.025,-0.1052573,37.8626186,749.69,4.82
-0.033795 37.7143561 1208.96 4.28,maize,2021-11-16,2022-02-14,Kenya,Meru,2022-03-21,11.25,12.86,9.485,10.81,-0.033795,37.7143561,1208.96,4.28
0.0766204 37.7808964 1224.09 4.23,maize,2021-10-14,2022-02-25,Kenya,Meru,2022-02-23,5.21,4.85,2.77,2.765,0.0766204,37.7808964,1224.09,4.23
0.084254 37.8251651 1188.0 5.24,maize,2021-10-21,2022-02-15,Kenya,Meru,2022-02-26,15.74,9.585,9.935,8.775,0.084254,37.8251651,1188.0,5.24
0.1714666 37.7840307 1483.6 4.7,maize,2021-09-20,2022-02-28,Kenya,Meru,2022-03-28,4.015,3.445,2.118,2.011,0.1714666,37.7840307,1483.6,4.7
-0.1053247 37.8625411 762.89 7.5,maize,2021-10-24,2022-02-20,Kenya,Meru,2022-04-01,10.17,13.23,5.405,6.985,-0.1053247,37.8625411,762.89,7.5
-0.1050577 37.8627528 755.61 4.82,maize,2021-10-21,2022-02-14,Kenya,Meru,2022-03-21,11.94,13.43,10.39,8.635,-0.1050577,37.8627528,755.61,4.82
0.298603 38.0476076 1014.5 4.92,maize,2021-10-10,2022-03-10,Kenya,Meru,2022-03-05,9.675,7.595,1.145,1.005,0.298603,38.0476076,1014.5,4.92
-0.1051072 37.862824 784.3 4.96,maize,2021-11-26,2022-02-22,Kenya,Meru,2022-04-07,19.49,17.7,14.86,12.92,-0.1051072,37.862824,784.3,4.96
-0.083854 37.7565611 1173.7 4.68,maize,2021-09-17,2022-03-07,Kenya,Meru,2022-03-07,6.245,4.86,4.305,2.38,-0.083854,37.7565611,1173.7,4.68
0.080639 37.7828923 1208.09 4.56,maize,2021-10-26,2022-02-25,Kenya,Meru,2022-02-23,18.02,20.59,14.39,16.67,0.080639,37.7828923,1208.09,4.56
0.1861061 37.6490612 1432.16 5.36,maize,2021-10-04,2022-04-08,Kenya,Meru,2022-04-09,12.21,10.42,5.65,5.37,0.1861061,37.6490612,1432.16,5.36
0.1910763 37.7600313 1024.4 4.7,maize,2021-10-15,2022-02-21,Kenya,Meru,2022-02-19,6.775,7.655,3.995,3.485,0.1910763,37.7600313,1024.4,4.7
0.1725752 37.7844172 1520.1 4.78,maize,2021-10-08,2022-02-25,Kenya,Meru,2022-03-01,9.725,7.785,5.355,4.365,0.1725752,37.7844172,1520.1,4.78
-0.0838907 37.7562139 1192.0 4.87,maize,2021-10-14,2022-03-07,Kenya,Meru,2022-03-07,5.08,4.2,3.375,2.44,-0.0838907,37.7562139,1192.0,4.87
0.0870598 37.8174602 1213.59 3.84,maize,2021-10-17,2022-03-11,Kenya,Meru,2022-03-11,10.83,11.36,7.785,8.165,0.0870598,37.8174602,1213.59,3.84
0.0302557 37.753972 1145.09 4.61,maize,2021-11-20,2022-02-27,Kenya,Meru,2022-03-17,12.32,14.6,8.585,9.965,0.0302557,37.753972,1145.09,4.61
-0.1109289 37.8572926 768.21 6.7,maize,2021-10-27,2022-03-11,Kenya,Meru,2022-04-05,19.55,15.05,8.665,4.175,-0.1109289,37.8572926,768.21,6.7
0.1420029 37.6344614 1565.56 4.28,maize,2021-10-10,2022-03-28,Kenya,Meru,2022-03-22,7.595,3.7,2.47,2.01,0.1420029,37.6344614,1565.56,4.28
-0.1050567 37.8626151 756.51 5.36,maize,2021-10-14,2022-02-14,Kenya,Meru,2022-02-24,13.71,11.15,9.725,8.105,-0.1050567,37.8626151,756.51,5.36
0.1717187 37.6184692 1558.66 3.9,maize,2021-11-15,2022-03-19,Kenya,Meru,2022-04-09,13.14,10.2,6.12,6.61,0.1717187,37.6184692,1558.66,3.9
-0.00738 37.76927166666667 1129.0 5.7,maize,2021-10-16,2022-02-21,Kenya,Meru,2022-03-01,45.69,52.38,24.0,31.17,-0.00738,37.76927166666667,1129.0,5.7
0.2992085 38.12114 821.7 3.9,maize,2021-11-06,2022-02-25,Kenya,Meru,2022-03-04,2.82,2.61,1.835,2.01,0.2992085,38.12114,821.7,3.9
0.1833453 37.6066602 1600.28 8.57,maize,2021-10-05,2022-03-22,Kenya,Meru,2022-03-22,11.65,10.69,6.55,5.55,0.1833453,37.6066602,1600.28,8.57
0.0875327 37.8188393 1213.4 4.94,maize,2021-10-17,2022-03-16,Kenya,Meru,2022-03-11,10.86,9.795,6.435,5.69,0.0875327,37.8188393,1213.4,4.94
0.1729153 37.7829071 1529.6 4.96,maize,2021-10-15,2022-02-25,Kenya,Meru,2022-04-03,14.65,14.483,10.361,11.025,0.1729153,37.7829071,1529.6,4.96
0.0768184 37.7763138 1223.5 4.87,maize,2021-10-17,2022-02-15,Kenya,Meru,2022-02-12,27.25,17.81,14.52,11.03,0.0768184,37.7763138,1223.5,4.87
-0.0426153 37.731997 1210.07 3.57,maize,2021-11-13,2022-02-13,Kenya,Meru,2022-02-22,16.55,13.63,7.705,9.725,-0.0426153,37.731997,1210.07,3.57
0.2258772 37.6206637 1393.76 9.64,maize,2021-10-15,2022-02-28,Kenya,Meru,2022-04-09,14.89,12.29,8.06,7.37,0.2258772,37.6206637,1393.76,9.64
-0.1003928 37.8543128 836.8 4.34,maize,2021-11-03,2022-03-07,Kenya,Meru,2022-03-15,5.735,4.835,3.055,2.165,-0.1003928,37.8543128,836.8,4.34
-0.1062451 37.861477 758.62 4.28,maize,2021-11-25,2022-02-28,Kenya,Meru,2022-03-15,5.095,5.735,3.735,3.405,-0.1062451,37.861477,758.62,4.28
0.0782336 37.7903159 1183.8 4.87,maize,2021-10-11,2022-02-21,Kenya,Meru,2022-02-26,16.19,20.48,8.575,12.19,0.0782336,37.7903159,1183.8,4.87
-0.1050003 37.8630688 762.47 8.57,maize,2021-10-22,2022-02-16,Kenya,Meru,2022-04-09,14.04,17.14,8.985,11.53,-0.1050003,37.8630688,762.47,8.57
-0.1094948 37.7776575 1013.6 7.85,maize,2021-10-07,2022-03-01,Kenya,Meru,2022-03-11,15.45,14.65,10.03,8.715,-0.1094948,37.7776575,1013.6,7.85
0.0880995 37.8196758 1154.9 3.48,maize,2021-10-28,2022-03-12,Kenya,Meru,2022-03-11,12.8,11.57,7.53,6.575,0.0880995,37.8196758,1154.9,3.48
-0.1051913 37.8630393 802.0 4.4,maize,2021-11-22,2022-02-20,Kenya,Meru,2022-02-21,17.82,18.05,13.51,14.13,-0.1051913,37.8630393,802.0,4.4
0.249175 37.8400852 1778.8 4.97,maize,2021-10-15,2022-03-10,Kenya,Meru,2022-03-11,6.865,7.975,4.505,5.111,0.249175,37.8400852,1778.8,4.97
-0.1063517 37.86159 783.7 4.8,maize,2021-10-17,2022-03-08,Kenya,Meru,2022-03-05,6.935,6.815,3.155,2.985,-0.1063517,37.86159,783.7,4.8
-0.1051305 37.8627816 762.87 7.66,maize,2021-11-17,2022-02-18,Kenya,Meru,2022-04-01,13.2,15.96,7.185,8.915,-0.1051305,37.8627816,762.87,7.66
-0.00169 37.79834666666667 1052.8 7.5,maize,2021-10-15,2022-02-21,Kenya,Meru,2022-03-11,19.13,12.2,11.77,8.505,-0.00169,37.79834666666667,1052.8,7.5
0.2993042 38.1211724 824.8 4.7,maize,2021-11-10,2022-02-27,Kenya,Meru,2022-03-04,3.0,3.2,2.0,2.275,0.2993042,38.1211724,824.8,4.7
0.053952 37.8191529 1147.59 4.51,maize,2021-10-15,2022-02-23,Kenya,Meru,2022-02-28,15.46,16.59,8.235,9.355,0.053952,37.8191529,1147.59,4.51
0.1122372 37.5013731 2259.0 4.4,maize,2021-10-17,2022-04-04,Kenya,Meru,2022-04-04,12.32,15.39,8.2,10.24,0.1122372,37.5013731,2259.0,4.4
0.15328 37.6325352 1531.46 4.28,maize,2021-10-05,2022-03-22,Kenya,Meru,2022-03-22,22.02,25.28,13.22,16.23,0.15328,37.6325352,1531.46,4.28
0.3742328 38.0574501 1078.5 4.2,maize,2021-10-11,2022-02-28,Kenya,Meru,2022-03-17,11.19,12.32,7.155,9.275,0.3742328,38.0574501,1078.5,4.2
0.088568 37.7872108 1248.59 4.61,maize,2021-10-28,2022-02-26,Kenya,Meru,2022-02-24,24.19,28.12,14.9,19.77,0.088568,37.7872108,1248.59,4.61
0.1582176 37.6346268 1516.16 8.57,maize,2021-10-06,2022-03-08,Kenya,Meru,2022-04-09,11.36,10.58,7.47,6.35,0.1582176,37.6346268,1516.16,8.57
-0.01116 37.77399333333334 1107.59 6.5,maize,2021-10-17,2022-02-23,Kenya,Meru,2022-03-07,18.38,16.05,9.865,11.61,-0.01116,37.77399333333334,1107.59,6.5
-0.016823333333333336 37.75847 1163.59 6.6,maize,2021-10-12,2022-02-22,Kenya,Meru,2022-03-01,19.36,18.53,14.42,13.51,-0.0168233333333333,37.75847,1163.59,6.6
0.087527 37.8175099 1236.0 3.92,maize,2021-10-26,2022-03-12,Kenya,Meru,2022-03-11,14.56,9.635,8.755,5.255,0.087527,37.8175099,1236.0,3.92
0.37238 38.0623 1307.0 4.9,maize,2021-10-13,2023-02-25,Kenya,Meru,2022-03-15,5.475,6.155,2.245,2.835,0.37238,38.0623,1307.0,4.9
0.0879094 37.8175211 1197.08 4.44,maize,2021-10-27,2022-03-12,Kenya,Meru,2022-03-11,13.9,12.52,8.42,7.52,0.0879094,37.8175211,1197.08,4.44
0.3573033 37.988997 1630.7 4.58,maize,2021-11-16,2022-03-08,Kenya,Meru,2022-03-06,7.595,8.385,5.535,3.335,0.3573033,37.988997,1630.7,4.58
-0.0599553 37.776826 952.7 4.09,maize,2021-10-15,2022-03-07,Kenya,Meru,2022-03-07,13.37,9.725,8.905,5.565,-0.0599553,37.776826,952.7,4.09
-0.0166003 37.6666333 1204.12 6.96,maize,2021-10-15,2022-03-12,Kenya,Meru,2022-03-12,15.07,10.35,7.93,6.895,-0.0166003,37.6666333,1204.12,6.96
0.3734368 38.0571008 1077.7 4.9,maize,2021-10-10,2022-02-27,Kenya,Meru,2022-03-17,11.97,12.13,6.475,8.095,0.3734368,38.0571008,1077.7,4.9
-0.1062362 37.861474 762.18 3.75,maize,2021-11-15,2022-02-28,Kenya,Meru,2022-03-15,10.79,12.57,7.165,9.255,-0.1062362,37.861474,762.18,3.75
-0.043035000000000004 37.841085 936.9 4.5,maize,2021-10-16,2022-02-24,Kenya,Meru,2022-03-21,20.78,18.09,15.17,13.51,-0.043035,37.841085,936.9,4.5
-0.1055224 37.8625895 771.1 4.66,maize,2021-11-20,2022-02-20,Kenya,Meru,2022-03-16,11.07,14.28,8.405,9.825,-0.1055224,37.8625895,771.1,4.66
0.1637882 37.6422687 1489.04 7.64,maize,2021-10-07,2022-03-22,Kenya,Meru,2022-03-22,14.73,17.98,8.56,7.11,0.1637882,37.6422687,1489.04,7.64
0.1706727 37.784109 1526.7 5.0,maize,2021-10-08,2022-02-20,Kenya,Meru,2022-03-08,18.39,16.93,15.08,13.0,0.1706727,37.784109,1526.7,5.0
0.0602492 37.7880113 1165.9 5.0,maize,2021-10-10,2022-02-19,Kenya,Meru,2022-02-25,8.07,6.32,6.47,4.7,0.0602492,37.7880113,1165.9,5.0
0.2343394 37.6917562 1314.8 5.0,maize,2021-10-15,2022-02-20,Kenya,Meru,2022-03-10,15.67,14.9,11.012,10.301,0.2343394,37.6917562,1314.8,5.0
0.0962195 37.8076562 1124.5 4.7,maize,2021-10-21,2022-02-26,Kenya,Meru,2022-02-24,23.98,28.39,15.24,17.29,0.0962195,37.8076562,1124.5,4.7
0.1713649 37.7849139 1489.2 4.9,maize,2021-10-29,2022-03-01,Kenya,Meru,2022-02-28,27.75,29.59,17.73,18.03,0.1713649,37.7849139,1489.2,4.9
-0.1063884 37.8615449 784.8 6.85,maize,2021-10-08,2022-02-15,Kenya,Meru,2022-03-05,11.48,9.925,5.825,5.385,-0.1063884,37.8615449,784.8,6.85
0.1835926 37.6568097 1419.25 9.64,maize,2021-10-08,2022-03-26,Kenya,Meru,2022-03-26,10.43,7.52,2.12,1.15,0.1835926,37.6568097,1419.25,9.64
-0.008206666666666666 37.803779999999996 1030.7 9.5,maize,2021-10-16,2022-02-21,Kenya,Meru,2022-03-01,23.11,14.26,15.66,12.26,-0.0082066666666666,37.80378,1030.7,9.5
0.1211667 37.785045 1399.2 3.9,maize,2021-10-05,2022-02-16,Kenya,Meru,2022-03-03,9.145,6.975,6.795,5.855,0.1211667,37.785045,1399.2,3.9
-0.0335665 37.6789028 1426.8 5.0,maize,2021-11-13,2022-02-28,Kenya,Meru,2022-03-17,14.08,15.98,10.59,11.16,-0.0335665,37.6789028,1426.8,5.0
-0.1004344 37.8544337 827.6 4.9,maize,2021-10-30,2022-03-07,Kenya,Meru,2022-03-15,3.565,4.265,2.105,3.185,-0.1004344,37.8544337,827.6,4.9
0.10492 37.7927042 1223.5 4.84,maize,2021-10-26,2022-02-26,Kenya,Meru,2022-02-24,13.78,7.59,7.455,2.63,0.10492,37.7927042,1223.5,4.84
0.1920546 37.7774146 1472.8 5.01,maize,2021-10-18,2022-02-14,Kenya,Meru,2022-03-11,9.445,6.945,5.995,4.265,0.1920546,37.7774146,1472.8,5.01
0.2892017 38.0739879 893.3 3.64,maize,2021-10-10,2022-02-10,Kenya,Meru,2022-03-06,11.89,9.83,4.625,5.375,0.2892017,38.0739879,893.3,3.64
-0.027936666666666665 37.81418833333333 1031.5 3.9,maize,2021-10-16,2022-02-27,Kenya,Meru,2022-03-01,32.9,32.43,23.25,24.29,-0.0279366666666666,37.81418833333333,1031.5,3.9
0.0547548 37.7771155 1042.9 4.58,maize,2021-10-07,2022-02-21,Kenya,Meru,2022-02-26,15.36,15.87,7.41,7.93,0.0547548,37.7771155,1042.9,4.58
-0.01927 37.851425 952.7 9.1,maize,2021-10-10,2022-02-14,Kenya,Meru,2022-03-21,15.55,16.49,12.11,13.02,-0.01927,37.851425,952.7,9.1
0.322569 37.9910031 1372.6 4.78,maize,2021-11-11,2022-03-07,Kenya,Meru,2022-03-06,9.39,8.425,4.815,3.0,0.322569,37.9910031,1372.6,4.78
0.1755493 37.779223 1519.0 3.98,maize,2021-10-25,2022-02-20,Kenya,Meru,2022-03-08,15.54,16.39,11.8,13.25,0.1755493,37.779223,1519.0,3.98
-0.005266666666666667 37.75112166666667 1213.5 5.6,maize,2021-10-25,2022-02-25,Kenya,Meru,2022-03-07,15.72,11.33,10.92,9.365,-0.0052666666666666,37.75112166666667,1213.5,5.6
-0.1051042 37.8627393 754.55 7.26,maize,2021-10-20,2022-02-14,Kenya,Meru,2022-03-21,16.41,18.76,12.07,14.13,-0.1051042,37.8627393,754.55,7.26
0.1017244 37.7900771 1192.5 4.94,maize,2021-10-24,2022-02-22,Kenya,Meru,2022-02-24,30.9,24.74,25.45,16.03,0.1017244,37.7900771,1192.5,4.94
-0.1062341 37.8614818 766.47 4.64,maize,2021-11-27,2022-02-27,Kenya,Meru,2022-03-06,15.63,12.84,10.51,8.665,-0.1062341,37.8614818,766.47,4.64
0.1846813 37.6490683 1431.94 5.36,maize,2021-10-10,2022-03-11,Kenya,Meru,2022-04-09,7.84,7.91,3.45,3.91,0.1846813,37.6490683,1431.94,5.36
0.0609852 37.8001548 1166.59 3.68,maize,2021-10-10,2022-02-17,Kenya,Meru,2022-02-25,28.54,31.53,18.01,22.6,0.0609852,37.8001548,1166.59,3.68
0.0538026 37.8191113 1142.9 4.68,maize,2021-10-13,2022-02-18,Kenya,Meru,2022-02-28,18.7,16.21,9.27,8.02,0.0538026,37.8191113,1142.9,4.68
-0.1051368 37.8629785 802.7 4.8,maize,2021-11-17,2022-02-18,Kenya,Meru,2022-03-06,9.515,10.55,6.695,7.295,-0.1051368,37.8629785,802.7,4.8
0.0833781 37.797756 1237.8 3.86,maize,2021-10-31,2022-02-21,Kenya,Meru,2022-02-28,14.35,12.23,8.9,7.38,0.0833781,37.797756,1237.8,3.86
0.3612084 37.9427069 1783.5 4.46,maize,2021-11-10,2022-05-10,Kenya,Meru,2022-04-09,6.47,5.65,2.88,2.04,0.3612084,37.9427069,1783.5,4.46
-0.033826666666666665 37.76628166666667 1089.3 4.59,maize,2021-10-16,2022-02-20,Kenya,Meru,2022-02-16,23.84,21.44,18.95,17.46,-0.0338266666666666,37.76628166666667,1089.3,4.59
-0.1051491 37.8625868 764.17 8.21,maize,2021-10-23,2022-02-19,Kenya,Meru,2022-04-03,15.44,16.27,8.885,11.47,-0.1051491,37.8625868,764.17,8.21
0.0582942 37.789509 1148.2 4.62,maize,2021-10-20,2022-02-24,Kenya,Meru,2022-02-25,5.275,7.83,4.075,6.175,0.0582942,37.789509,1148.2,4.62
-0.1064033 37.8614933 786.4 4.8,maize,2021-10-09,2022-03-16,Kenya,Meru,2022-03-05,9.075,8.285,3.505,2.0,-0.1064033,37.8614933,786.4,4.8
-0.027091666666666667 37.829395 1037.9 5.5,maize,2021-10-17,2022-02-23,Kenya,Meru,2022-03-21,9.635,11.14,8.985,9.585,-0.0270916666666666,37.829395,1037.9,5.5
-0.1054851 37.8625457 775.2 4.81,maize,2021-11-19,2022-02-22,Kenya,Meru,2022-03-17,15.59,18.1,8.355,12.27,-0.1054851,37.8625457,775.2,4.81
0.0193709 37.7672611 1116.9 5.0,maize,2021-11-23,2022-02-27,Kenya,Meru,2022-03-17,12.62,13.4,8.555,10.32,0.0193709,37.7672611,1116.9,5.0
-0.0358847 37.7650154 1109.8 4.7,maize,2021-10-20,2022-02-11,Kenya,Meru,2022-02-14,22.76,21.21,16.32,14.59,-0.0358847,37.7650154,1109.8,4.7
0.13658 37.5236183 2010.9 5.0,maize,2021-10-16,2022-04-04,Kenya,Meru,2022-04-04,6.66,10.65,2.595,4.86,0.13658,37.5236183,2010.9,5.0
0.1845113 37.6490083 1434.32 7.5,maize,2021-10-04,2022-04-08,Kenya,Meru,2022-04-09,9.29,10.76,4.69,5.28,0.1845113,37.6490083,1434.32,7.5
0.0709294 37.7882412 1181.09 4.5,maize,2021-10-12,2022-02-20,Kenya,Meru,2022-02-24,24.36,28.38,16.92,18.32,0.0709294,37.7882412,1181.09,4.5
0.3050317 38.09049 868.4 4.2,maize,2020-11-11,2022-02-24,Kenya,Meru,2022-03-04,1.2,1.405,0.76,0.76,0.3050317,38.09049,868.4,4.2
0.030173 37.7540629 1124.7 4.88,maize,2021-11-19,2022-02-26,Kenya,Meru,2022-03-17,11.24,13.55,7.255,9.195,0.030173,37.7540629,1124.7,4.88
0.0871582 37.8186278 1181.8 4.91,maize,2021-10-22,2022-03-18,Kenya,Meru,2022-03-11,8.54,9.29,4.005,2.94,0.0871582,37.8186278,1181.8,4.91
-0.1055296 37.8626465 802.4 4.73,maize,2021-11-21,2022-02-21,Kenya,Meru,2022-03-17,18.94,15.26,13.59,10.8,-0.1055296,37.8626465,802.4,4.73
-0.03874333333333334 37.764955 1146.5 8.5,maize,2021-10-17,2022-02-21,Kenya,Meru,2022-03-07,16.54,18.08,12.7,16.21,-0.0387433333333333,37.764955,1146.5,8.5
0.1841029 37.6074842 1575.4 9.4,maize,2021-10-10,2022-03-22,Kenya,Meru,2022-03-22,10.77,13.99,5.3,7.28,0.1841029,37.6074842,1575.4,9.4
-0.043603333333333334 37.79916 989.3 9.9,maize,2021-10-18,2022-03-01,Kenya,Meru,2022-03-07,14.54,16.62,8.755,13.31,-0.0436033333333333,37.79916,989.3,9.9
0.2993819 38.0478495 1028.7 4.43,maize,2021-10-10,2022-03-10,Kenya,Meru,2022-03-04,10.12,6.88,3.665,4.185,0.2993819,38.0478495,1028.7,4.43
-0.036646 37.7138282 1260.55 4.28,maize,2021-10-25,2022-02-12,Kenya,Meru,2022-03-12,16.11,18.89,7.985,7.09,-0.036646,37.7138282,1260.55,4.28
-0.010563333333333334 37.7577 1075.9 9.4,maize,2021-10-17,2022-02-21,Kenya,Meru,2022-03-07,29.65,32.0,22.7,24.07,-0.0105633333333333,37.7577,1075.9,9.4
0.0888316 37.8200944 1134.9 4.84,maize,2021-10-28,2022-03-12,Kenya,Meru,2022-03-11,15.45,14.31,9.565,8.35,0.0888316,37.8200944,1134.9,4.84
0.0577051 37.7776372 1143.5 4.8,maize,2021-10-08,2022-02-08,Kenya,Meru,2022-02-26,28.87,42.1,19.08,26.1,0.0577051,37.7776372,1143.5,4.8
0.1850283 37.7659917 1442.8 4.24,maize,2021-10-10,2022-02-20,Kenya,Meru,2022-03-28,2.845,3.465,1.301,2.045,0.1850283,37.7659917,1442.8,4.24
0.1002333 37.8498483 1170.2 5.7,maize,2021-10-14,2022-03-02,Kenya,Meru,2022-03-04,11.51,13.31,9.325,8.085,0.1002333,37.8498483,1170.2,5.7
-0.1210654 37.8717154 730.09 3.9,maize,2021-10-21,2022-02-15,Kenya,Meru,2022-03-21,13.77,17.08,9.575,14.73,-0.1210654,37.8717154,730.09,3.9
-0.1051661 37.8632811 774.2 4.97,maize,2021-11-22,2022-02-27,Kenya,Meru,2022-03-06,14.21,13.81,9.145,8.895,-0.1051661,37.8632811,774.2,4.97
0.1374806 37.6242757 1630.34 5.36,maize,2021-12-26,2022-03-26,Kenya,Meru,2022-03-26,8.83,10.31,4.85,5.08,0.1374806,37.6242757,1630.34,5.36
0.2813682 38.0610455 933.2 4.92,maize,2021-11-10,2022-03-16,Kenya,Meru,2022-03-15,6.695,6.445,4.635,3.885,0.2813682,38.0610455,933.2,4.92
-0.1065576 37.8614635 760.65 3.9,maize,2021-11-17,2022-02-27,Kenya,Meru,2022-03-15,5.425,6.415,3.535,3.945,-0.1065576,37.8614635,760.65,3.9
-0.00863 37.75015833333334 1164.8 6.7,maize,2021-10-17,2022-02-19,Kenya,Meru,2022-03-07,19.22,25.42,13.02,17.03,-0.00863,37.75015833333334,1164.8,6.7
0.1366936 37.5230644 2027.2 4.59,maize,2021-10-22,2022-04-04,Kenya,Meru,2022-04-04,12.21,12.09,6.83,5.685,0.1366936,37.5230644,2027.2,4.59
-0.105146 37.8626482 761.76 4.09,maize,2021-10-24,2022-02-17,Kenya,Meru,2022-04-01,19.74,21.51,6.985,9.665,-0.105146,37.8626482,761.76,4.09
0.1012919 37.8081468 1176.09 4.84,maize,2021-10-27,2022-02-26,Kenya,Meru,2022-02-24,26.36,24.79,13.62,10.31,0.1012919,37.8081468,1176.09,4.84
-0.1059786 37.8617421 752.46 6.76,maize,2021-10-21,2022-02-17,Kenya,Meru,2022-04-04,16.26,14.22,8.115,7.055,-0.1059786,37.8617421,752.46,6.76
0.1623769 37.6441912 1483.92 9.64,maize,2021-10-02,2022-03-26,Kenya,Meru,2022-03-26,11.59,12.65,7.89,6.82,0.1623769,37.6441912,1483.92,9.64
0.1124415 37.5012579 2265.69 4.66,maize,2021-10-20,2022-04-04,Kenya,Meru,2022-04-04,12.82,9.61,7.72,5.705,0.1124415,37.5012579,2265.69,4.66
0.0599366 37.7839567 1178.8 4.34,maize,2021-10-23,2022-02-23,Kenya,Meru,2022-02-28,11.51,14.26,7.555,9.315,0.0599366,37.7839567,1178.8,4.34
0.3224554 37.9909616 1371.1 5.0,maize,2021-10-11,2022-03-11,Kenya,Meru,2022-03-06,11.53,10.43,5.455,5.245,0.3224554,37.9909616,1371.1,5.0
0.1420937 37.634014 1571.31 4.28,maize,2021-10-11,2022-03-22,Kenya,Meru,2022-03-22,7.57,3.81,2.2,1.93,0.1420937,37.634014,1571.31,4.28
0.1123703 37.5015973 2255.9 4.5,maize,2021-10-21,2022-04-04,Kenya,Meru,2022-04-04,18.22,15.69,12.11,9.93,0.1123703,37.5015973,2255.9,4.5
0.1858258 37.6484594 1429.09 4.28,maize,2021-10-15,2022-03-21,Kenya,Meru,2022-04-08,4.06,3.05,1.56,2.15,0.1858258,37.6484594,1429.09,4.28
0.0829768 37.7687557 1178.59 4.5,maize,2021-10-20,2022-02-14,Kenya,Meru,2022-02-23,14.14,21.37,8.09,11.81,0.0829768,37.7687557,1178.59,4.5
-0.1050528 37.8627427 753.33 6.23,maize,2021-10-17,2022-02-20,Kenya,Meru,2022-04-05,13.36,14.32,3.975,4.715,-0.1050528,37.8627427,753.33,6.23
0.0602056 37.7851287 1189.8 4.68,maize,2021-10-09,2022-02-22,Kenya,Meru,2022-02-25,9.61,11.23,7.03,7.335,0.0602056,37.7851287,1189.8,4.68
-0.1050984 37.8628972 790.1 4.4,maize,2021-11-20,2022-02-17,Kenya,Meru,2022-03-06,9.435,11.1,6.885,7.745,-0.1050984,37.8628972,790.1,4.4
0.2472278 37.8455428 1887.0 4.96,maize,2021-10-15,2022-03-10,Kenya,Meru,2022-03-11,14.9,14.19,11.9,11.9,0.2472278,37.8455428,1887.0,4.96
0.0806631 37.7848259 1240.9 4.88,maize,2021-10-18,2022-02-24,Kenya,Meru,2022-02-26,18.09,17.83,13.0,9.97,0.0806631,37.7848259,1240.9,4.88
-0.0599925 37.776857 972.7 4.86,maize,2021-10-11,2022-03-07,Kenya,Meru,2022-03-07,19.23,13.02,12.08,7.83,-0.0599925,37.776857,972.7,4.86
0.0880072 37.8196317 1204.59 4.96,maize,2021-10-25,2022-03-12,Kenya,Meru,2022-03-11,10.66,8.415,7.74,6.5,0.0880072,37.8196317,1204.59,4.96
0.063095 37.8056611 1170.5 4.85,maize,2021-10-23,2022-02-21,Kenya,Meru,2022-02-28,29.63,32.67,19.58,21.23,0.063095,37.8056611,1170.5,4.85
0.3165689 37.8853015 1648.3 4.86,maize,2021-10-15,2022-03-01,Kenya,Meru,2022-03-07,14.66,12.23,9.905,6.725,0.3165689,37.8853015,1648.3,4.86
0.0778168 37.7917102 1182.7 4.74,maize,2021-10-10,2022-02-22,Kenya,Meru,2022-02-26,13.64,10.32,10.72,8.285,0.0778168,37.7917102,1182.7,4.74
0.1374083 37.624629 1620.66 6.43,maize,2021-10-09,2022-03-26,Kenya,Meru,2022-03-26,18.13,10.14,5.6,7.55,0.1374083,37.624629,1620.66,6.43
-0.1050826 37.8627429 751.84 6.96,maize,2021-10-19,2022-02-19,Kenya,Meru,2022-04-04,12.67,15.31,7.275,9.905,-0.1050826,37.8627429,751.84,6.96
-0.014496666666666666 37.83723333333333 913.4 7.4,maize,2021-10-17,2022-02-21,Kenya,Meru,2022-03-02,14.3,14.3,11.7,12.06,-0.0144966666666666,37.83723333333333,913.4,7.4
0.184859 37.6501135 1432.18 4.28,maize,2021-10-03,2022-04-08,Kenya,Meru,2022-04-09,14.33,11.36,6.49,5.6,0.184859,37.6501135,1432.18,4.28
-0.1213468 37.8716043 751.3 5.05,maize,2021-11-08,2022-03-12,Kenya,Meru,2022-03-05,7.495,8.705,4.555,3.0,-0.1213468,37.8716043,751.3,5.05
0.2820517 37.8704717 1655.7 5.0,maize,2021-10-10,2022-03-05,Kenya,Meru,2022-03-07,6.335,7.085,3.49,4.207,0.2820517,37.8704717,1655.7,5.0
-0.1064967 37.8615875 764.48 3.38,maize,2021-11-20,2022-02-25,Kenya,Meru,2022-03-15,7.405,5.855,4.685,3.525,-0.1064967,37.8615875,764.48,3.38
0.1361722 37.6147465 1688.09 6.43,maize,2021-10-07,2022-03-22,Kenya,Meru,2022-03-22,10.63,13.03,6.55,9.62,0.1361722,37.6147465,1688.09,6.43
0.0480678 37.8170297 1124.7 4.2,maize,2021-10-16,2022-02-24,Kenya,Meru,2022-02-25,19.72,21.98,14.4,17.01,0.0480678,37.8170297,1124.7,4.2
-0.1055599 37.8627093 801.8 4.96,maize,2021-11-26,2022-02-21,Kenya,Meru,2022-03-17,13.04,14.74,9.905,11.0,-0.1055599,37.8627093,801.8,4.96
-0.015405 37.820275 1007.3 5.4,maize,2021-10-16,2022-02-24,Kenya,Meru,2022-03-07,23.53,21.53,18.82,17.39,-0.015405,37.820275,1007.3,5.4
0.1733661 37.7823091 1515.2 5.0,maize,2021-10-10,2022-02-24,Kenya,Meru,2022-03-01,4.575,5.995,2.515,3.065,0.1733661,37.7823091,1515.2,5.0
-0.0011016666666666668 37.76871166666667 997.0 6.1,maize,2021-10-16,2022-02-26,Kenya,Meru,2022-03-02,23.26,21.49,14.32,12.69,-0.0011016666666666,37.76871166666667,997.0,6.1
0.087446 37.8175178 1198.9 3.24,maize,2021-10-19,2022-03-12,Kenya,Meru,2022-03-11,10.15,9.315,7.165,6.235,0.087446,37.8175178,1198.9,3.24
0.10424 37.834525 1232.4 4.7,maize,2021-10-15,2022-03-10,Kenya,Meru,2022-03-04,26.55,24.47,3.24,4.8,0.10424,37.834525,1232.4,4.7
-0.0788248 37.7545754 1161.59 4.83,maize,2021-10-14,2022-03-07,Kenya,Meru,2022-03-07,11.02,8.84,7.36,5.08,-0.0788248,37.7545754,1161.59,4.83
-0.0995587 37.8544538 813.7 4.74,maize,2021-10-30,2022-03-07,Kenya,Meru,2022-03-17,13.28,8.355,11.24,5.675,-0.0995587,37.8544538,813.7,4.74
-0.020228333333333334 37.77778833333333 1054.2 4.8,maize,2021-10-26,2022-02-24,Kenya,Meru,2022-03-07,27.46,26.23,21.79,20.56,-0.0202283333333333,37.77778833333333,1054.2,4.8
0.0909517 37.832765 1183.7 5.0,maize,2021-10-15,2022-02-20,Kenya,Meru,2022-02-26,33.05,33.05,16.81,15.52,0.0909517,37.832765,1183.7,5.0
-0.8894448 37.2243628 1416.9 9.98,maize,2021-10-09,2022-02-09,Kenya,Muranga,2022-02-09,11.86,9.535,4.025,5.565,-0.8894448,37.2243628,1416.9,9.98
-0.897704 37.0266254 1604.6 6.72,maize,2020-10-14,2022-02-14,Kenya,Muranga,2022-02-15,21.32,22.02,8.55,9.895,-0.897704,37.0266254,1604.6,6.72
-0.8887402 37.2274508 1385.59 8.1,maize,2021-10-25,2022-02-09,Kenya,Muranga,2022-02-09,15.69,14.0,7.28,6.865,-0.8887402,37.2274508,1385.59,8.1
-0.8348566 37.1739065 1310.09 8.65,maize,2021-11-12,2022-02-12,Kenya,Muranga,2022-02-12,11.62,12.98,7.7,7.72,-0.8348566,37.1739065,1310.09,8.65
-0.8862134 37.0961862 1592.1 8.87,maize,2021-10-01,2022-02-07,Kenya,Muranga,2022-02-07,10.01,8.915,4.53,5.085,-0.8862134,37.0961862,1592.1,8.87
-0.9693964 37.1597938 1476.8 9.19,maize,2021-11-05,2022-03-12,Kenya,Muranga,2022-03-04,3.135,2.62,2.0,1.55,-0.9693964,37.1597938,1476.8,9.19
-0.8884624 37.2239681 1433.3 7.86,maize,2021-10-09,2022-02-09,Kenya,Muranga,2022-02-09,9.795,12.75,4.705,6.35,-0.8884624,37.2239681,1433.3,7.86
-0.9802745 37.3466972 1263.8 7.86,maize,2021-11-08,2022-02-08,Kenya,Muranga,2022-02-08,2.165,3.415,1.67,2.275,-0.9802745,37.3466972,1263.8,7.86
-0.9872088 37.347643 1309.4 7.9,maize,2021-10-08,2022-02-08,Kenya,Muranga,2022-02-08,13.51,9.015,8.255,4.825,-0.9872088,37.347643,1309.4,7.9
-0.9407073 37.0683836 1565.9 5.12,maize,2021-10-10,2022-02-10,Kenya,Muranga,2022-02-10,30.99,30.99,5.61,10.55,-0.9407073,37.0683836,1565.9,5.12
-0.8352368 37.1793905 1345.2 8.56,maize,2021-10-12,2022-02-12,Kenya,Muranga,2022-02-12,10.69,16.23,9.485,6.34,-0.8352368,37.1793905,1345.2,8.56
-0.8872326 37.0969669 1519.5 7.47,maize,2021-09-05,2022-02-07,Kenya,Muranga,2022-02-07,10.47,6.705,5.105,4.385,-0.8872326,37.0969669,1519.5,7.47
-0.8880876 37.2253073 1332.0 8.22,maize,2021-10-09,2022-02-09,Kenya,Muranga,2022-02-09,8.925,9.105,3.845,3.76,-0.8880876,37.2253073,1332.0,8.22
-0.8847637 37.1014473 1528.0 8.49,maize,2021-10-05,2022-02-07,Kenya,Muranga,2022-02-07,8.685,5.245,3.14,4.425,-0.8847637,37.1014473,1528.0,8.49
-0.9689224 37.0234944 1549.4 6.0,maize,2021-10-03,2022-03-03,Kenya,Muranga,2022-03-03,21.35,27.85,14.62,12.0,-0.9689224,37.0234944,1549.4,6.0
-0.7749817 37.0676183 1538.3 4.9,maize,2021-10-16,2022-02-16,Kenya,Muranga,2022-02-16,8.165,7.785,3.825,3.305,-0.7749817,37.0676183,1538.3,4.9
-0.9633616 37.0740719 1408.2 9.23,maize,2021-10-10,2022-02-10,Kenya,Muranga,2022-02-10,9.795,10.24,2.83,3.345,-0.9633616,37.0740719,1408.2,9.23
-0.915514 37.0416123 1607.8 9.33,maize,2021-10-14,2022-02-14,Kenya,Muranga,2022-02-14,26.12,23.85,9.575,8.095,-0.915514,37.0416123,1607.8,9.33
-0.7749695 37.0663216 1461.5 9.0,maize,2021-10-16,2022-02-16,Kenya,Muranga,2022-02-16,22.72,7.445,10.5,3.86,-0.7749695,37.0663216,1461.5,9.0
